;;;;;;;;;;;;;;
PROV2477;Warrnambool;;;;;;;;;;;;;
PROV1795;Bambuhu;;;;;;;;;;;;;
PROV1905;Sia;;;;;;;;;;;;;
PROV1981;Elba;;;;;;;;;;;;;
PROV2131;Falkland & South Georgia;;;;;;;;;;;;;
PROV3319;Vahitahi;;;;;;;;;;;;;
PROV3320;Vairaatea;;;;;;;;;;;;;
PROV3321;Nukutavake;;;;;;;;;;;;;
PROV3322;Pinaki;;;;;;;;;;;;;
FRA_411;洛林;;;;;;;;;;;;;
PROV934;Samawah;;;;;;;;;;;;;
AUS_627;下西里西亚;;;;;;;;;;;;;
ABU_1162;波斯湾;;;;;;;;;;;;;
EGY_897;西叙利亚;;;;;;;;;;;;;
EGY_903;东叙利亚;;;;;;;;;;;;;
PROV928;Baqubah;;;;;;;;;;;;;
PROV1813;Hasakah;;;;;;;;;;;;;
PROV907;Deir ez-Zor;;;;;;;;;;;;;
PROV901;Raqqah;;;;;;;;;;;;;
PROV2133;Gizab;;;;;;;;;;;;;
PROV1214;Zaranj;;;;;;;;;;;;;
PROV582;Bielefeld;;;;;;;;;;;;;
FRA_400;香槟;;;;;;;;;;;;;
PROV2346;Colonia;;;;;;;;;;;;;
PROV1447;Taliabu;;;;;;;;;;;;;
BEL_1977;下刚果;;;;;;;;;;;;;
TUR_832;Thessaly;;;;;;;;;;;;;
PROV1972;Baraka;;;;;;;;;;;;;
EGY_1758;西部沙漠;;;;;;;;;;;;;
PROV1895;Daloa;;;;;;;;;;;;;
FRA_1775;毛里塔尼亚海岸;;;;;;;;;;;;;
PROV2721;黑尔戈兰湾;;;;;;;;;;;;;
RUS_959;沃伦;;;;;;;;;;;;;
druze;德鲁兹派;;;;;;;;;;;;;
PROV911;马安;;;;;;;;;;;;;
PROV910;阿兹拉克;;;;;;;;;;;;;
PROV2582;卡塔罗;;;;;;;;;;;;;
PROV1839;富拉;;;;;;;;;;;;;
PROV1739;贾卢德;;;;;;;;;;;;;
PROV1806;巴俞达;;;;;;;;;;;;;
PROV2046;姆贝亚;;;;;;;;;;;;;
PROV1850;克伦;;;;;;;;;;;;;
AUS_733;弗留利;;;;;;;;;;;;;
PAP_741;艾米利亚-罗马涅;;;;;;;;;;;;;
mining_district;Mining District;;;;;;;;;;;;;
new_world_semidesert;沙漠灌木丛;;;;;;;;;;;;;
new_world_desert;沙漠;;;;;;;;;;;;;
new_world_boreal;北方针叶林;;;;;;;;;;;;;
new_world_montane_tundra;高山苔原;;;;;;;;;;;;;
new_world_arctic;苔原;;;;;;;;;;;;;
new_world_mountain;山地草原;;;;;;;;;;;;;
new_world_jungle;丛林;;;;;;;;;;;;;
new_world_plains;草原;;;;;;;;;;;;;
new_world_small_island;岛屿;;;;;;;;;;;;;
arid_climate;干旱气候;;;;;;;;;;;;;
CANAL_6;英吉利海峡;;;;;;;;;;;;;
GRE_837;希腊中部;;;;;;;;;;;;;
PROV2669;松德里奥;;;;;;;;;;;;;
PROV8;Belluno;;;;;;;;;;;;;
PROV2351;马格达莱纳;;;;;;;;;;;;;
PROV10;Pescara;;;;;;;;;;;;;
PROV3318;Lake Saimaa;;;;;;;;;;;;;
PROV3317;Lake Pijnne;;;;;;;;;;;;;
PROV3316;Lake Oulujrvi;;;;;;;;;;;;;
PROV3315;Lake Segozero;;;;;;;;;;;;;
PROV3314;Lake Storsjn;;;;;;;;;;;;;
PROV3313;Lake Siljan;;;;;;;;;;;;;
PROV3312;Lake Hjlmaren;;;;;;;;;;;;;
PROV3311;Lough Neagh;;;;;;;;;;;;;
PROV3310;Hulun Lake;;;;;;;;;;;;;
PROV3309;Namak Lake;;;;;;;;;;;;;
PROV3308;Khar Us Lake;;;;;;;;;;;;;
PROV3307;Khyargas Lake;;;;;;;;;;;;;
PROV3306;Uvs Lake;;;;;;;;;;;;;
PROV3305;Khovsgol Lake;;;;;;;;;;;;;
PROV3304;Lake Zaysan;;;;;;;;;;;;;
PROV3303;Lake Alakol;;;;;;;;;;;;;
PROV3302;Khanka Lake;;;;;;;;;;;;;
PROV3301;Hung-tse Lake;;;;;;;;;;;;;
PROV3300;Siling Lake;;;;;;;;;;;;;
PROV3299;Chott Chergui;;;;;;;;;;;;;
PROV3298;Chott el Hodna;;;;;;;;;;;;;
PROV3297;Chott Melghir;;;;;;;;;;;;;
PROV3296;Chott el Djerid;;;;;;;;;;;;;
PROV3295;太湖;;;;;;;;;;;;;
PROV3294;Lake Mweru;;;;;;;;;;;;;
PROV3293;Lake Rukwa;;;;;;;;;;;;;
PROV3292;Lake Argyle;;;;;;;;;;;;;
PROV3291;Lake Mackay;;;;;;;;;;;;;
PROV3290;Lake Eyre;;;;;;;;;;;;;
PROV3289;Lake Frome;;;;;;;;;;;;;
PROV3288;Lake Torrens;;;;;;;;;;;;;
PROV3287;Lake Gairdner;;;;;;;;;;;;;
PROV3286;Songkhla Lake;;;;;;;;;;;;;
PROV3285;Fagnano Lake;;;;;;;;;;;;;
PROV12;Sado;;;;;;;;;;;;;
PROV1531;坦博拉;;;;;;;;;;;;;
PROV2537;比拉拉;;;;;;;;;;;;;
PROV158;德卢斯;;;;;;;;;;;;;
PROV29;克孜勒库姆;;;;;;;;;;;;;
PROV2595;努纳武特;;;;;;;;;;;;;
PROV25;旧弓堡;;;;;;;;;;;;;
PROV6;塞尔扣克;;;;;;;;;;;;;
PROV35;皮特堡;;;;;;;;;;;;;
PROV28;贾斯帕;;;;;;;;;;;;;
PROV26;落基山脉公司;;;;;;;;;;;;;
PROV22;邦尼维尔;;;;;;;;;;;;;
PROV24;切斯特菲尔德堡;;;;;;;;;;;;;
PROV34;卡尔顿堡;;;;;;;;;;;;;
PROV33;艾伯特王子城;;;;;;;;;;;;;
PROV41;埃利斯堡;;;;;;;;;;;;;
PROV2594;奥斯纳堡公司;;;;;;;;;;;;;
PROV49;拉特波蒂奇;;;;;;;;;;;;;
PROV52;奥里利亚;;;;;;;;;;;;;
PROV75;巴斯克港;;;;;;;;;;;;;
PROV69;小瀑布;;;;;;;;;;;;;
PROV683;瓦尔登堡;;;;;;;;;;;;;
PROV43;克拉克斯维尔;;;;;;;;;;;;;
PROV134;帕克斯堡;;;;;;;;;;;;;
PROV135;埃斯塔克多平原;;;;;;;;;;;;;
PROV85;索诺玛;;;;;;;;;;;;;
urban;城市;;;;;;;;;;;;;
FRA_1901;乌埃;;;;;;;;;;;;;
ASH_1910;沃尔特;;;;;;;;;;;;;
PROV155;斯奈尔堡;;;;;;;;;;;;;
PROV156;雷维尔堡;;;;;;;;;;;;;
PROV157;里普利堡;;;;;;;;;;;;;
PROV92;库里斯佩尔;;;;;;;;;;;;;
PROV93;霍尔堡;;;;;;;;;;;;;
PROV123;罗比度堡;;;;;;;;;;;;;
PROV124;波尔多驿站;;;;;;;;;;;;;
PROV125;丰特内尔驿站;;;;;;;;;;;;;
PROV126;莱文沃思堡;;;;;;;;;;;;;
PROV127;马恩堡;;;;;;;;;;;;;
PROV113;加拉廷山谷;;;;;;;;;;;;;
PROV117;克拉克堡;;;;;;;;;;;;;
PROV118;詹姆斯堡;;;;;;;;;;;;;
PROV119;联盟堡;;;;;;;;;;;;;
PROV122;皮埃尔堡;;;;;;;;;;;;;
PROV121;雪松堡;;;;;;;;;;;;;
PROV120;基奥瓦堡;;;;;;;;;;;;;
PROV114;欧文堡;;;;;;;;;;;;;
PROV115;本顿堡;;;;;;;;;;;;;
PROV116;范布伦堡;;;;;;;;;;;;;
PROV131;沃希托堡;;;;;;;;;;;;;
PROV130;吉布森堡;;;;;;;;;;;;;
PROV111;博纳维尔堡;;;;;;;;;;;;;
PROV112;拉勒米堡;;;;;;;;;;;;;
PROV106;本特堡;;;;;;;;;;;;;
PROV2702;阿迪-库都克;;;;;;;;;;;;;
PROV1210;昆都士;;;;;;;;;;;;;
PROV1196;乌尔根奇;;;;;;;;;;;;;
PROV686;梅尔夫;;;;;;;;;;;;;
BUR_1334;曼德勒;;;;;;;;;;;;;
PROV2623;中途岛与威克岛;;;;;;;;;;;;;
PROV2524;汉密尔顿;;;;;;;;;;;;;
PROV579;新维德;;;;;;;;;;;;;
PROV574;科布伦茨;;;;;;;;;;;;;
PROV547;格赖夫斯瓦尔德;;;;;;;;;;;;;
PROV57;拜顿;;;;;;;;;;;;;
PROV2036;三兰港;;;;;;;;;;;;;
PROV2681;台北;;;;;;;;;;;;;
PROV1485;台南;;;;;;;;;;;;;
PROV2562;台东;;;;;;;;;;;;;
PROV1743;诺德霍恩;;;;;;;;;;;;;
PROV1738;杰格布卜;;;;;;;;;;;;;
PROV2585;焦夫;;;;;;;;;;;;;
PROV1742;瓦斯;;;;;;;;;;;;;
PROV1744;塞卜哈;;;;;;;;;;;;;
PROV2016;姆皮卡 ;;;;;;;;;;;;;
PROV2017;卡曾贝;;;;;;;;;;;;;
PROV3104;马拉维湖;;;;;;;;;;;;;
PROV702;利沃夫;;;;;;;;;;;;;
PROV952;捷尔诺波尔;;;;;;;;;;;;;
PROV2605;隆加尼亚;;;;;;;;;;;;;
PROV2601;麦凯湖;;;;;;;;;;;;;
PROV2495;提雷里沙漠;;;;;;;;;;;;;
PROV1990;金杜;;;;;;;;;;;;;
PROV1991;卢索其;;;;;;;;;;;;;
PROV2471;巴瑟斯特;;;;;;;;;;;;;
PROV2496;纳拉伯平原;;;;;;;;;;;;;
PROV2603;察纳米;;;;;;;;;;;;;
PROV2507;艾丽斯斯普林斯;;;;;;;;;;;;;
PROV2505;埃辛顿港;;;;;;;;;;;;;
RUS_973;赫尔松-扎波里日亚;;;;;;;;;;;;;
RUS_955;波多里亚;;;;;;;;;;;;;
PROV3107;贝加尔湖;;;;;;;;;;;;;
PROV2589;对马岛;;;;;;;;;;;;;
PROV1724;奥克尼与设德兰;;;;;;;;;;;;;
PROV1858;阿萨伊塔;;;;;;;;;;;;;
australia_new_zealand;大洋洲;;;;;;;;;;;;;
polynesia;波利尼西亚;;;;;;;;;;;;;
desert;沙漠;;;;;;;;;;;;;
semidesert;半荒漠;;;;;;;;;;;;;
small_island;岛屿;;;;;;;;;;;;;
coral_island;环礁;;;;;;;;;;;;;
forest;森林;;;;;;;;;;;;;
boreal;针叶林;;;;;;;;;;;;;
arctic;冻土;;;;;;;;;;;;;
plains;草原;;;;;;;;;;;;;
hills;草原丘陵;;;;;;;;;;;;;
dryhills;干燥草原丘陵;;;;;;;;;;;;;
mountain;高山草原;;;;;;;;;;;;;
montane_tundra;高山冻土;;;;;;;;;;;;;
montane_forest;高山森林;;;;;;;;;;;;;
savanna;热带草原;;;;;;;;;;;;;
PROV1377;岘港;;;;;;;;;;;;;
PROV1720;贝沙尔;;;;;;;;;;;;;
PROV1714;圣罗莎;;;;;;;;;;;;;
PROV2631;尤纳拉克利特;;;;;;;;;;;;;
PROV1780;德巴尔;;;;;;;;;;;;;
PROV2371;乌奎亚;;;;;;;;;;;;;
PROV2953;纽约湾;;;;;;;;;;;;;
PROV2954;切萨皮克湾;;;;;;;;;;;;;
PROV1930;伊达;;;;;;;;;;;;;
PROV1937;武卡里;;;;;;;;;;;;;
PROV1936;恩苏卡;;;;;;;;;;;;;
PROV2697;精奇里;;;;;;;;;;;;;
PROV1081;雅克萨;;;;;;;;;;;;;
RUS_1072;海兰泡;;;;;;;;;;;;;
PROV1085;海兰泡;;;;;;;;;;;;;
PROV1600;乌鲁木齐;;;;;;;;;;;;;
PROV2839;多来加湾;;;;;;;;;;;;;
PROV2831;宗谷海峡;;;;;;;;;;;;;
PROV2830;东海;;;;;;;;;;;;;
PROV1557;西宁;;;;;;;;;;;;;
PROV2329;阿劳卡尼亚;;;;;;;;;;;;;
PROV2326;阿空加瓜山;;;;;;;;;;;;;
PROV2244;圣诞岛及科科斯群岛;;;;;;;;;;;;;
PROV2406;澎湖;;;;;;;;;;;;;
PROV2113;姆贡贡德洛乌;;;;;;;;;;;;;
PROV2110;萨能;;;;;;;;;;;;;
PROV2058;莫优;;;;;;;;;;;;;
PROV2050;满加卡齐;;;;;;;;;;;;;
POR_2049;加沙;;;;;;;;;;;;;
PROV2049;科马提;;;;;;;;;;;;;
POR_2060;莫桑比克;;;;;;;;;;;;;
PROV2088;奥基基普;;;;;;;;;;;;;
PROV2558;德阿尔;;;;;;;;;;;;;
PROV2093;汉塔姆;;;;;;;;;;;;;
PROV2084;诺玛贝布;;;;;;;;;;;;;
PROV2081;舒克曼斯堡;;;;;;;;;;;;;
PROV2082;埃帕科;;;;;;;;;;;;;
PROV2080;奥西万达;;;;;;;;;;;;;
PROV1788;卡奥内;;;;;;;;;;;;;
PROV1540;南通;;;;;;;;;;;;;
PROV2526;巴尔米拉及莱恩群岛;;;;;;;;;;;;;
TIB_1591;喜马拉雅;;;;;;;;;;;;;
PROV2482;范迪门斯地;;;;;;;;;;;;;
PROV2382;拉沃拉耶 ;;;;;;;;;;;;;
PROV2640;瓜德尔;;;;;;;;;;;;;
PROV1071;格什姆;;;;;;;;;;;;;
PROV2786;阿曼湾;;;;;;;;;;;;;
PROV2787;霍尔木兹海峡;;;;;;;;;;;;;
PROV2664;海塞卜;;;;;;;;;;;;;
PROV45;马里戈;;;;;;;;;;;;;
PROV2236;菲利普斯堡;;;;;;;;;;;;;
PEU_2297;库斯科;;;;;;;;;;;;;
PROV2667;巴塔加;;;;;;;;;;;;;
PROV110;罗克斯普林;;;;;;;;;;;;;
PROV1387;巴生岛;;;;;;;;;;;;;
PROV1385;丹绒普特里;;;;;;;;;;;;;
PROV88;莫哈韦;;;;;;;;;;;;;
CAN_18;新喀里多尼亚;;;;;;;;;;;;;
ALD_1714;绍乌拉;;;;;;;;;;;;;
PROV2590;休达;;;;;;;;;;;;;
PROV3236;图尔卡纳湖;;;;;;;;;;;;;
PROV641;佩思特;;;;;;;;;;;;;
PROV2637;维恩;;;;;;;;;;;;;
PROV2632;广州湾;;;;;;;;;;;;;
PROV1495;茂名;;;;;;;;;;;;;
PROV1644;雌阿寒岳;;;;;;;;;;;;;
PROV1443;罗特;;;;;;;;;;;;;
PROV2224;安提瓜和巴布达群岛;;;;;;;;;;;;;
PROV2220;特克斯和凯科斯群岛;;;;;;;;;;;;;
CHI_1082;外满洲;;;;;;;;;;;;;
PROV2591;特兰奎巴;;;;;;;;;;;;;
SWI_603;瑞士;;;;;;;;;;;;;
PROV2625;西北河城;;;;;;;;;;;;;
PROV2580;新拉多加;;;;;;;;;;;;;
PROV995;彼得罗扎沃茨克;;;;;;;;;;;;;
PROV965;赫尔松;;;;;;;;;;;;;
PROV1048;叶卡捷琳诺达尔;;;;;;;;;;;;;
PROV1045;米古林斯卡亚;;;;;;;;;;;;;
PROV950;翁格瓦尔;;;;;;;;;;;;;
RUS_1185;七河;;;;;;;;;;;;;
PROV1201;苦盏;;;;;;;;;;;;;
PROV1206;阿穆尔;;;;;;;;;;;;;
RUS_2618;马加丹;;;;;;;;;;;;;
RUS_2621;科雷马河;;;;;;;;;;;;;
RUS_2590;楚科奇;;;;;;;;;;;;;
RUS_1070;叶尼塞斯克;;;;;;;;;;;;;
RUS_2694;鄂温基斯科耶;;;;;;;;;;;;;
RUS_2615;北叶尼塞斯克;;;;;;;;;;;;;
RUS_1065;亚马尔;;;;;;;;;;;;;
RUS_2653;汉特-曼西;;;;;;;;;;;;;
PROV2634;白令戈夫斯基;;;;;;;;;;;;;
PROV2661;贝莱比诺;;;;;;;;;;;;;
PROV2660;谢伊姆昌;;;;;;;;;;;;;
PROV2620;苏苏曼;;;;;;;;;;;;;
PROV2639;阿尔曼;;;;;;;;;;;;;
PROV2665;乔库尔达赫;;;;;;;;;;;;;
PROV2647;利法;;;;;;;;;;;;;
PROV1080;丘米坎;;;;;;;;;;;;;
PROV2671;巴尔古津河;;;;;;;;;;;;;
PROV2670;上乌金斯克;;;;;;;;;;;;;
PROV2662;阿尼玛斯;;;;;;;;;;;;;
PROV1073;吉日加;;;;;;;;;;;;;
PROV1076;下乌金斯克;;;;;;;;;;;;;
PROV2645;博代博;;;;;;;;;;;;;
PROV2693;埃瑟伊;;;;;;;;;;;;;
PROV2677;伊利姆斯克;;;;;;;;;;;;;
PROV2675;叶尔博加琼;;;;;;;;;;;;;
PROV2701;坎斯克;;;;;;;;;;;;;
PROV1070;叶尼塞斯克;;;;;;;;;;;;;
PROV2656;拜基特 ;;;;;;;;;;;;;
PROV2651;米尔内;;;;;;;;;;;;;
PROV2674;阿巴坎;;;;;;;;;;;;;
PROV2682;萨列哈尔德;;;;;;;;;;;;;
PROV2646;苏尔古特;;;;;;;;;;;;;
PROV2690;尤甘斯克;;;;;;;;;;;;;
PROV2685;维尔霍图里耶;;;;;;;;;;;;;
PROV2614;沙德林斯克;;;;;;;;;;;;;
PROV2658;库尔干;;;;;;;;;;;;;
PROV2683;纳雷姆;;;;;;;;;;;;;
PROV2613;纳德姆;;;;;;;;;;;;;
PROV2659;哈尔莫-赛德;;;;;;;;;;;;;
PROV2698;库兹涅茨克;;;;;;;;;;;;;
PROV2691;米努斯克;;;;;;;;;;;;;
PROV2657;杜金卡;;;;;;;;;;;;;
PROV2680;沃洛昌卡;;;;;;;;;;;;;
PROV1065;尼亚甘;;;;;;;;;;;;;
PROV2686;卡因斯克;;;;;;;;;;;;;
PROV1696;朱比角;;;;;;;;;;;;;
ENG_1251;西孟加拉;;;;;;;;;;;;;
ENG_1252;东孟加拉;;;;;;;;;;;;;
PROV1290;欧迈尔果德;;;;;;;;;;;;;
KOK_1190;阿雷;;;;;;;;;;;;;
PROV892;贝伊;;;;;;;;;;;;;
PROV924;赖万杜兹;;;;;;;;;;;;;
PROV925;苏莱曼尼亚;;;;;;;;;;;;;
PROV1110;乌尔米耶;;;;;;;;;;;;;
PROV2414;耶齐拉;;;;;;;;;;;;;
PROV914;特拉布洛斯;;;;;;;;;;;;;
PROV1469;乌梁海;;;;;;;;;;;;;
PROV1181;阿克莫林斯克;;;;;;;;;;;;;
PROV1205;克孜勒苏河;;;;;;;;;;;;;
PROV1204;阿什哈巴德;;;;;;;;;;;;;
PROV1194;新彼得罗夫斯科耶;;;;;;;;;;;;;
PROV1197;奇姆肯特;;;;;;;;;;;;;
PROV1185;突厥斯坦;;;;;;;;;;;;;
PROV3106;巴尔喀什湖;;;;;;;;;;;;;
PROV1186;七河;;;;;;;;;;;;;
PROV1193;克孜勒奥尔达;;;;;;;;;;;;;
PROV2606;巴尔喀什;;;;;;;;;;;;;
ARG_2384;科尔多瓦;;;;;;;;;;;;;
ARG_2393;拉潘帕;;;;;;;;;;;;;
PROV1391;柯达库班拉布;;;;;;;;;;;;;
PROV1382;翰弗-恩;;;;;;;;;;;;;
RUS_1048;切尔克西;;;;;;;;;;;;;
PROV1049;乌比亚;;;;;;;;;;;;;
PROV900;安塔基亚;;;;;;;;;;;;;
PROV689;切申;;;;;;;;;;;;;
PROV1773;萨圭亚埃尔哈姆拉;;;;;;;;;;;;;
PROV1178;萨那;;;;;;;;;;;;;
PROV969;奥利维奥波尔;;;;;;;;;;;;;
PROV972;叶卡捷琳诺斯拉夫;;;;;;;;;;;;;
PROV974;巴赫穆特;;;;;;;;;;;;;
PROV1041;埃利斯塔;;;;;;;;;;;;;
PROV745;里窝那;;;;;;;;;;;;;
PROV2436;巴伊亚萨尔瓦多;;;;;;;;;;;;;
BRZ_2408;格劳帕拉;;;;;;;;;;;;;
BRZ_2428;东北地区;;;;;;;;;;;;;
PROV2423;帕尔马村;;;;;;;;;;;;;
PROV2426;波蒂村;;;;;;;;;;;;;
NEJ_1156;哈伊勒;;;;;;;;;;;;;
PROV396;欧本-马尔梅迪;;;;;;;;;;;;;
PROV1445;古邦;;;;;;;;;;;;;
PROV1448;蒂多雷;;;;;;;;;;;;;
KOR_1624;汉城;;;;;;;;;;;;;
PROV3101;乍得湖;;;;;;;;;;;;;
PROV3102;乌凯雷丰;;;;;;;;;;;;;
PROV1845;加扎勒河;;;;;;;;;;;;;
PROV2070;乌姆塔利;;;;;;;;;;;;;
PROV2581;希科诺诺;;;;;;;;;;;;;
PROV2516;瓦卡土;;;;;;;;;;;;;
PROV2515;奥塔乌塔希;;;;;;;;;;;;;
PROV2513;奥特波蒂;;;;;;;;;;;;;
PROV2512;特-乌波科-奥-特-伊卡;;;;;;;;;;;;;
PROV2511;阿胡里里;;;;;;;;;;;;;
PROV2510;恩加莫土;;;;;;;;;;;;;
PROV1624;汉城;;;;;;;;;;;;;
PROV2086;艾克萨-艾贝思;;;;;;;;;;;;;
PROV2079;奥乔宗迪;;;;;;;;;;;;;
PROV2078;奥乔茅斯;;;;;;;;;;;;;
PROV1481;旅顺;;;;;;;;;;;;;
PROV2083;埃佐罗贡多;;;;;;;;;;;;;
PROV1028;维亚特卡;;;;;;;;;;;;;
PROV1019;沃罗涅日;;;;;;;;;;;;;
PROV3246;圣巴泰勒米;;;;;;;;;;;;;
PROV82;格兰德朗德;;;;;;;;;;;;;
PROV81;俄勒冈城;;;;;;;;;;;;;
PROV83;乌姆夸夸堡;;;;;;;;;;;;;
PROV78;尼斯夸里堡;;;;;;;;;;;;;
PROV2101;塔巴恩丘;;;;;;;;;;;;;
PROV2102;库瓦;;;;;;;;;;;;;
PROV2103;莱菲;;;;;;;;;;;;;
PROV2094;格里夸兰;;;;;;;;;;;;;
TRN_2108;黑噶里布;;;;;;;;;;;;;
PROV2107;马夸西;;;;;;;;;;;;;
PROV2106;萨恩;;;;;;;;;;;;;
PROV2105;轧-兰库瓦;;;;;;;;;;;;;
PROV2109;轧-里巴;;;;;;;;;;;;;
PROV2112;恩纳米丝;;;;;;;;;;;;;
ORA_2103;巴斯托兰;;;;;;;;;;;;;
ZUL_2113;祖鲁兰;;;;;;;;;;;;;
PROV1152;吉达;;;;;;;;;;;;;
CAN_13;哥伦比亚;;;;;;;;;;;;;
PROV13;新威斯敏斯特;;;;;;;;;;;;;
PROV17;斯蒂金;;;;;;;;;;;;;
CAN_19;新喀里多尼亚;;;;;;;;;;;;;
PROV20;奥卡那根;;;;;;;;;;;;;
PROV21;科特奈;;;;;;;;;;;;;
PROV44;浅水湾;;;;;;;;;;;;;
CAN_46;上加拿大;;;;;;;;;;;;;
CAN_50;北安大略;;;;;;;;;;;;;
CAN_58;下加拿大;;;;;;;;;;;;;
CAN_60;北魁北克;;;;;;;;;;;;;
ENG_68;滨海;;;;;;;;;;;;;
MEX_94;内华达;;;;;;;;;;;;;
MEX_97;犹他;;;;;;;;;;;;;
USA_201;佐治亚;;;;;;;;;;;;;
USA_205;南卡罗莱纳;;;;;;;;;;;;;
ENG_258;康诺特;;;;;;;;;;;;;
ENG_263;伦斯特;;;;;;;;;;;;;
SWE_322;斯德哥尔摩;;;;;;;;;;;;;
SWE_329;哥德堡;;;;;;;;;;;;;
SWE_334;马尔默;;;;;;;;;;;;;
RUS_343;赫尔辛基;;;;;;;;;;;;;
RUS_345;图尔库;;;;;;;;;;;;;
RUS_360;立陶宛;;;;;;;;;;;;;
HOL_369;荷尔施泰因;;;;;;;;;;;;;
SCH_370;石勒苏益格;;;;;;;;;;;;;
NET_379;泽兰;;;;;;;;;;;;;
PROV381;林堡;;;;;;;;;;;;;
BEL_387;佛兰德斯;;;;;;;;;;;;;
BEL_394;瓦隆;;;;;;;;;;;;;
HAN_528;下易北;;;;;;;;;;;;;
HAN_534;汉诺威;;;;;;;;;;;;;
HAN_540;东弗里斯兰;;;;;;;;;;;;;
PRU_544;梅克伦堡;;;;;;;;;;;;;
PRU_546;波美拉尼亚;;;;;;;;;;;;;
PRU_553;安哈尔特;;;;;;;;;;;;;
PRU_554;图灵根;;;;;;;;;;;;;
SAX_558;萨克森;;;;;;;;;;;;;
PRU_570;普法尔茨;;;;;;;;;;;;;
PRU_575;莱茵兰;;;;;;;;;;;;;
PRU_578;东莱茵兰;;;;;;;;;;;;;
BAV_595;弗兰肯;;;;;;;;;;;;;
BAV_599;拜恩;;;;;;;;;;;;;
SPA_610;卡罗林群岛;;;;;;;;;;;;;
AUS_652;巴纳特;;;;;;;;;;;;;
AUS_654;西特兰西瓦尼亚;;;;;;;;;;;;;
AUS_657;东特兰西瓦尼亚;;;;;;;;;;;;;
MOL_676;比萨拉比亚;;;;;;;;;;;;;
PRU_682;西里西亚;;;;;;;;;;;;;
AUS_702;加利西亚-洛多梅里亚;;;;;;;;;;;;;
PROV704;新松奇;;;;;;;;;;;;;
RUS_706;马佐维亚;;;;;;;;;;;;;
PROV711;谢德尔采;;;;;;;;;;;;;
RUS_715;西加利西亚;;;;;;;;;;;;;
PROV719;比亚韦斯托克;;;;;;;;;;;;;
PROV748;格罗塞托;;;;;;;;;;;;;
SAR_765;撒丁及科西嘉;;;;;;;;;;;;;
FRA_801;塔西提;;;;;;;;;;;;;
TUR_805;南马其顿;;;;;;;;;;;;;
TUR_806;北马其顿;;;;;;;;;;;;;
TUR_809;东鲁米利亚;;;;;;;;;;;;;
TUR_823;东马其顿;;;;;;;;;;;;;
PROV829;赞西;;;;;;;;;;;;;
TUR_876;安卡拉;;;;;;;;;;;;;
TUR_880;卡斯塔莫努;;;;;;;;;;;;;
TUR_882;特拉比松;;;;;;;;;;;;;
TUR_890;凡城;;;;;;;;;;;;;
TUR_893;迪亚巴克尔;;;;;;;;;;;;;
TUR_894;阿达纳;;;;;;;;;;;;;
RUS_940;平斯克;;;;;;;;;;;;;
RUS_968;德涅斯特河沿岸;;;;;;;;;;;;;
RUS_978;哈尔科夫;;;;;;;;;;;;;
RUS_979;顿巴斯;;;;;;;;;;;;;
PROV1082;海参崴;;;;;;;;;;;;;
JAP_1086;萨哈林;;;;;;;;;;;;;
PROV1087;大泊;;;;;;;;;;;;;
JAP_1088;虾夷;;;;;;;;;;;;;
AST_1097;新喀里多尼亚;;;;;;;;;;;;;
PER_1116;马赞达兰;;;;;;;;;;;;;
PER_1128;洛雷斯坦;;;;;;;;;;;;;
PER_1132;胡齐斯坦;;;;;;;;;;;;;
PER_1136;法尔斯;;;;;;;;;;;;;
PER_1140;克尔曼;;;;;;;;;;;;;
YEM_1178;萨那;;;;;;;;;;;;;
AFG_1209;普什图尼斯坦;;;;;;;;;;;;;
KOK_1210;巴达赫尚;;;;;;;;;;;;;
AFG_1214;坎大哈;;;;;;;;;;;;;
PAN_1233;阿姆利则;;;;;;;;;;;;;
ENG_1243;本德尔肯德;;;;;;;;;;;;;
ENG_1244;阿瓦德;;;;;;;;;;;;;
NEP_1326;西喜马拉雅;;;;;;;;;;;;;
SIA_1352;北大年;;;;;;;;;;;;;
SIA_1355;掸邦;;;;;;;;;;;;;
LUA_1356;老挝;;;;;;;;;;;;;
SIA_1358;依善;;;;;;;;;;;;;
PROV1360;沙耶武里;;;;;;;;;;;;;
DAI_1369;东京;;;;;;;;;;;;;
DAI_1375;安南;;;;;;;;;;;;;
DAI_1380;交趾支那;;;;;;;;;;;;;
ENG_1384;南马来亚;;;;;;;;;;;;;
ENG_1391;北马来亚;;;;;;;;;;;;;
SIA_1392;阿育陀耶;;;;;;;;;;;;;
BRU_1394;西加里曼丹;;;;;;;;;;;;;
BRU_1396;北婆罗洲;;;;;;;;;;;;;
NET_1401;西亚克;;;;;;;;;;;;;
YEM_1412;亚丁;;;;;;;;;;;;;
NET_1413;西爪哇;;;;;;;;;;;;;
NET_1418;东爪哇;;;;;;;;;;;;;
NET_1423;东婆罗洲;;;;;;;;;;;;;
NET_1426;南婆罗洲;;;;;;;;;;;;;
NET_1446;帝汶;;;;;;;;;;;;;
NET_1447;摩鹿加群岛;;;;;;;;;;;;;
NET_1449;苏拉威西;;;;;;;;;;;;;
CHI_1465;蒙古东部;;;;;;;;;;;;;
CHI_1468;蒙古西部;;;;;;;;;;;;;
CHI_1470;安徽南部;;;;;;;;;;;;;
CHI_1477;安徽北部;;;;;;;;;;;;;
CHI_1479;南满洲;;;;;;;;;;;;;
CHI_1482;福建;;;;;;;;;;;;;
CHI_1485;台湾;;;;;;;;;;;;;
CHI_1490;甘肃;;;;;;;;;;;;;
CHI_1493;广州东部;;;;;;;;;;;;;
CHI_1496;香港;;;;;;;;;;;;;
CHI_1499;广州西部;;;;;;;;;;;;;
CHI_1502;广西;;;;;;;;;;;;;
CHI_1505;贵州;;;;;;;;;;;;;
CHI_1508;河南东部;;;;;;;;;;;;;
CHI_1510;河南西部;;;;;;;;;;;;;
CHI_1519;湖北西部;;;;;;;;;;;;;
CHI_1522;湖北东部;;;;;;;;;;;;;
PROV1523;襄阳;;;;;;;;;;;;;
CHI_1524;湖南北部;;;;;;;;;;;;;
CHI_1526;湖南南部;;;;;;;;;;;;;
CHI_1532;内蒙古;;;;;;;;;;;;;
CHI_1540;江苏北部;;;;;;;;;;;;;
PROV1542;徐州;;;;;;;;;;;;;
CHI_1545;江西北部;;;;;;;;;;;;;
CHI_1547;江西南部;;;;;;;;;;;;;
CHI_1552;北满洲;;;;;;;;;;;;;
CHI_1555;吉林;;;;;;;;;;;;;
PROV1559;西安;;;;;;;;;;;;;
CHI_1559;陕西;;;;;;;;;;;;;
CHI_1563;山东西部;;;;;;;;;;;;;
CHI_1565;山东东部;;;;;;;;;;;;;
CHI_1572;山西;;;;;;;;;;;;;
CHI_1578;四川西部;;;;;;;;;;;;;
CHI_1579;四川东部;;;;;;;;;;;;;
CHI_1594;新疆南部;;;;;;;;;;;;;
CHI_1600;新疆北部;;;;;;;;;;;;;
CHI_1601;云南;;;;;;;;;;;;;
CHI_1604;浙江北部;;;;;;;;;;;;;
CHI_1610;浙江南部;;;;;;;;;;;;;
PROV1612;保定;;;;;;;;;;;;;
CHI_1612;河北南部;;;;;;;;;;;;;
PROV1616;北京;;;;;;;;;;;;;
CHI_1616;河北北部;;;;;;;;;;;;;
PROV1643;石狩;;;;;;;;;;;;;
JAP_1649;关东;;;;;;;;;;;;;
JAP_1654;博宁群岛;;;;;;;;;;;;;
JAP_1655;关西;;;;;;;;;;;;;
JAP_1640;中国;;;;;;;;;;;;;
JAP_1665;四国;;;;;;;;;;;;;
JAP_1660;九州;;;;;;;;;;;;;
JAP_1672;东北;;;;;;;;;;;;;
JAP_1675;中部;;;;;;;;;;;;;
PROV1679;奄美;;;;;;;;;;;;;
MOR_1693;马拉喀什;;;;;;;;;;;;;
MOR_1694;阿加迪尔;;;;;;;;;;;;;
ALD_1704;奥兰;;;;;;;;;;;;;
ALD_1708;康斯坦丁;;;;;;;;;;;;;
PROV1709;波尼;;;;;;;;;;;;;
ALD_1713;北中央撒哈拉;;;;;;;;;;;;;
TRI_1731;的黎波里塔尼亚;;;;;;;;;;;;;
TRI_1735;昔兰尼加;;;;;;;;;;;;;
TRI_1740;费赞;;;;;;;;;;;;;
EGY_1745;开罗;;;;;;;;;;;;;
EGY_1751;亚历山大;;;;;;;;;;;;;
EGY_1753;盖塔拉;;;;;;;;;;;;;
EGY_1755;西奈;;;;;;;;;;;;;
ENG_1844;苏德;;;;;;;;;;;;;
ETH_1852;贝根德尔;;;;;;;;;;;;;
ETH_1853;提格里;;;;;;;;;;;;;
ETH_1859;谢瓦;;;;;;;;;;;;;
ETH_1862;吉布;;;;;;;;;;;;;
ETH_1865;哈尔赫;;;;;;;;;;;;;
PROV1860;哈瓦萨;;;;;;;;;;;;;
PROV1863;吉马;;;;;;;;;;;;;
PROV1864;西达莫;;;;;;;;;;;;;
PROV1866;贝尔;;;;;;;;;;;;;
PROV1867;奥加登;;;;;;;;;;;;;
SOM_1868;南索马里兰;;;;;;;;;;;;;
SOM_1872;北索马里兰;;;;;;;;;;;;;
FRA_1878;几内亚比绍;;;;;;;;;;;;;
FRA_1883;几内亚;;;;;;;;;;;;;
ASH_1909;黄金海岸;;;;;;;;;;;;;
FRA_1919;达荷美;;;;;;;;;;;;;
SOK_1934;比亚法拉;;;;;;;;;;;;;
SOK_1937;武卡里;;;;;;;;;;;;;
SOK_1945;卡诺;;;;;;;;;;;;;
SPA_1955;赤道几内亚;;;;;;;;;;;;;
ENG_1956;喀麦隆;;;;;;;;;;;;;
SOK_1963;阿达马瓦;;;;;;;;;;;;;
FRA_1970;班加苏;;;;;;;;;;;;;
BEL_1990;基伍;;;;;;;;;;;;;
BEL_1996;东刚果;;;;;;;;;;;;;
BEL_2034;卢旺达-乌伦迪;;;;;;;;;;;;;
ENG_2036;桑给巴尔;;;;;;;;;;;;;
ENG_2044;坦噶尼喀;;;;;;;;;;;;;
ENG_2048;桑给巴尔;;;;;;;;;;;;;
POR_2054;索法拉;;;;;;;;;;;;;
ENG_2067;尼亚萨兰;;;;;;;;;;;;;
ENG_2068;马绍纳兰;;;;;;;;;;;;;
ENG_2071;罗兹韦;;;;;;;;;;;;;
ENG_2074;贝专纳兰;;;;;;;;;;;;;
ENG_2094;金伯利;;;;;;;;;;;;;
PROV2124;毛尔;;;;;;;;;;;;;
MEX_2149;科阿韦拉;;;;;;;;;;;;;
MEX_2159;韦拉克鲁斯;;;;;;;;;;;;;
MEX_2161;哈利斯科;;;;;;;;;;;;;
MEX_2170;格雷罗;;;;;;;;;;;;;
MEX_2172;墨西哥;;;;;;;;;;;;;
MEX_2181;恰帕斯;;;;;;;;;;;;;
PROV220;安纳波利斯;;;;;;;;;;;;;
PROV981;阿尔汉格尔斯克;;;;;;;;;;;;;
PROV1;新阿尔汉格尔斯克;;;;;;;;;;;;;
PROV2;圣狄奥尼修斯;;;;;;;;;;;;;
PROV3;尼古拉耶夫斯基堡;;;;;;;;;;;;;
PROV4;尼古拉特夫斯克;;;;;;;;;;;;;
PROV5;卡迪亚克;;;;;;;;;;;;;
PROV107;瑞文赛德;;;;;;;;;;;;;
PROV108;大彰克参;;;;;;;;;;;;;
PROV104;圣弗朗西斯科;;;;;;;;;;;;;
PROV2146;哥伦比亚特区;;;;;;;;;;;;;
PROV2148;阿尔伯克基;;;;;;;;;;;;;
PROV231;卡姆登;;;;;;;;;;;;;
UCA_2191;萨尔瓦多;;;;;;;;;;;;;
UCA_2193;洪都拉斯;;;;;;;;;;;;;
CHI_2221;江苏南部;;;;;;;;;;;;;
NET_2235;背风安的列斯群岛;;;;;;;;;;;;;
PEU_2308;阿里卡;;;;;;;;;;;;;
BOL_2309;安托法加斯塔;;;;;;;;;;;;;
ARG_2360;恩特雷里奥斯;;;;;;;;;;;;;
PROV2367;特洛塔斯;;;;;;;;;;;;;
ARG_2374;卡塔马卡;;;;;;;;;;;;;
BRZ_2421;戈亚斯;;;;;;;;;;;;;
AST_2454;斐济;;;;;;;;;;;;;
BRZ_2461;圣卡塔琳娜;;;;;;;;;;;;;
SPA_2517;马里亚纳群岛;;;;;;;;;;;;;
AST_2534;所罗门群岛;;;;;;;;;;;;;
AST_2535;美拉尼西亚群岛;;;;;;;;;;;;;
AUS_2538;伏伊伏丁那;;;;;;;;;;;;;
TON_2540;汤加;;;;;;;;;;;;;
USA_2543;萨摩亚;;;;;;;;;;;;;
PROV2554;米西奥内斯;;;;;;;;;;;;;
HES_2560;黑森;;;;;;;;;;;;;
RUS_2587;科拉;;;;;;;;;;;;;
CHI_2678;外蒙古;;;;;;;;;;;;;
PROV2834;阿扬湾;;;;;;;;;;;;;
PROV2836;堪察加海岸;;;;;;;;;;;;;
PROV2837;鄂霍次克海;;;;;;;;;;;;;
PROV2838;萨哈林海岸;;;;;;;;;;;;;
PROV2843;濑户内海;;;;;;;;;;;;;
PROV3126;南海;;;;;;;;;;;;;
PROV19;圣詹姆士堡;;;;;;;;;;;;;
PRU_544;Mecklenburg;;;;;;;;;;;;;
PRU_546;Pomerania;;;;;;;;;;;;;
PRU_553;Anhalt;;;;;;;;;;;;;
PRU_554;Thuringia;;;;;;;;;;;;;
SAX_558;Saxony;;;;;;;;;;;;;
PRU_570;Palatinate;;;;;;;;;;;;;
PRU_575;Rheinland;;;;;;;;;;;;;
PRU_578;Eastern Rheinland;;;;;;;;;;;;;
BAV_595;Franconia;;;;;;;;;;;;;
BAV_599;Upper Bavaria;;;;;;;;;;;;;
SPA_610;Caroline Islands;;;;;;;;;;;;;
AUS_652;Banat;;;;;;;;;;;;;
AUS_654;Western Transylvania;;;;;;;;;;;;;
AUS_657;Eastern Transylvania;;;;;;;;;;;;;
MOL_676;Bessarabia;;;;;;;;;;;;;
PRU_684;上西里西亚;;;;;;;;;;;;;
AUS_702;Galicia-Lodomeria;;;;;;;;;;;;;
PROV704;Nowy Sacz;;;;;;;;;;;;;
RUS_706;Masovia;;;;;;;;;;;;;
PROV711;Siedlce;;;;;;;;;;;;;
RUS_715;West Galicia;;;;;;;;;;;;;
PROV719;Bialystok;;;;;;;;;;;;;
PROV748;Grosseto;;;;;;;;;;;;;
FRA_801;Tahiti;;;;;;;;;;;;;
TUR_805;Southern Macedonia;;;;;;;;;;;;;
TUR_806;Northern Macedonia;;;;;;;;;;;;;
TUR_809;Eastern Rumelia;;;;;;;;;;;;;
TUR_823;Eastern Macedonia;;;;;;;;;;;;;
PROV829;Xanthe;;;;;;;;;;;;;
TUR_876;Ankara;;;;;;;;;;;;;
TUR_880;Kastamonu;;;;;;;;;;;;;
TUR_882;Trabizond;;;;;;;;;;;;;
TUR_890;Van;;;;;;;;;;;;;
TUR_893;Diyarbakir;;;;;;;;;;;;;
TUR_894;Adana;;;;;;;;;;;;;
RUS_940;Pinsk;;;;;;;;;;;;;
RUS_955;Podillia;;;;;;;;;;;;;
RUS_968;Transnistria;;;;;;;;;;;;;
RUS_978;Kharkov;;;;;;;;;;;;;
PROV1082;Haishenwai;;;;;;;;;;;;;
JAP_1086;Sakhalin;;;;;;;;;;;;;
PROV1087;Otomari;;;;;;;;;;;;;
JAP_1088;Ezo;;;;;;;;;;;;;
AST_1097;New Caledonia;;;;;;;;;;;;;
PER_1116;Mazandaran;;;;;;;;;;;;;
PER_1128;Lorestan;;;;;;;;;;;;;
PER_1132;Khuzestan;;;;;;;;;;;;;
PER_1136;Fars;;;;;;;;;;;;;
PER_1140;Kerman;;;;;;;;;;;;;
YEM_1178;Sana'a;;;;;;;;;;;;;
AFG_1209;Pashtunistan;;;;;;;;;;;;;
KOK_1210;Bandakshan;;;;;;;;;;;;;
AFG_1214;Kandahar;;;;;;;;;;;;;
PAN_1233;Amritsar;;;;;;;;;;;;;
ENG_1243;Bundelkhand;;;;;;;;;;;;;
ENG_1244;Awadh;;;;;;;;;;;;;
NEP_1326;Western Himalayas;;;;;;;;;;;;;
SIA_1352;Pattani;;;;;;;;;;;;;
SIA_1355;Shan;;;;;;;;;;;;;
LUA_1356;Laos;;;;;;;;;;;;;
SIA_1358;Isan;;;;;;;;;;;;;
PROV1360;Xiangabouli;;;;;;;;;;;;;
DAI_1369;Tonkin;;;;;;;;;;;;;
DAI_1375;Annam;;;;;;;;;;;;;
DAI_1380;Cochinchina;;;;;;;;;;;;;
ENG_1384;Southern Malaya;;;;;;;;;;;;;
ENG_1391;Northern Malaya;;;;;;;;;;;;;
SIA_1392;Ayutthaya;;;;;;;;;;;;;
BRU_1394;West Borneo;;;;;;;;;;;;;
BRU_1396;Sabah;;;;;;;;;;;;;
NET_1401;Siak;;;;;;;;;;;;;
YEM_1412;Aden;;;;;;;;;;;;;
NET_1413;West Java;;;;;;;;;;;;;
NET_1418;East Java;;;;;;;;;;;;;
NET_1423;East Borneo;;;;;;;;;;;;;
NET_1426;South Borneo;;;;;;;;;;;;;
NET_1446;Timor;;;;;;;;;;;;;
NET_1449;Celebes;;;;;;;;;;;;;
CHI_1465;Eastern Mongolia;;;;;;;;;;;;;
CHI_1468;Western Mongolia;;;;;;;;;;;;;
PROV1469;Uriankhai;;;;;;;;;;;;;
CHI_1470;South Anhui;;;;;;;;;;;;;
CHI_1477;North Anhui;;;;;;;;;;;;;
CHI_1479;Fengtian;;;;;;;;;;;;;
CHI_1482;Fujian;;;;;;;;;;;;;
CHI_1485;Formosa;;;;;;;;;;;;;
CHI_1490;Gansu;;;;;;;;;;;;;
CHI_1493;East Canton;;;;;;;;;;;;;
CHI_1496;Hong Kong;;;;;;;;;;;;;
CHI_1499;Hainan;;;;;;;;;;;;;
CHI_1502;Guangxi;;;;;;;;;;;;;
CHI_1505;Guizhou;;;;;;;;;;;;;
CHI_1508;East Henan;;;;;;;;;;;;;
CHI_1510;West Henan;;;;;;;;;;;;;
CHI_1519;West Hubei;;;;;;;;;;;;;
CHI_1522;East Hubei;;;;;;;;;;;;;
PROV1523;Xiangyang;;;;;;;;;;;;;
CHI_1524;North Hunan;;;;;;;;;;;;;
CHI_1526;South Hunan;;;;;;;;;;;;;
CHI_1532;Inner Mongolia;;;;;;;;;;;;;
PROV1542;Xuzhou;;;;;;;;;;;;;
CHI_1545;North Jiangxi;;;;;;;;;;;;;
CHI_1547;South Jiangxi;;;;;;;;;;;;;
CHI_1552;Heilongjiang;;;;;;;;;;;;;
CHI_1555;Kirin;;;;;;;;;;;;;
PROV1559;Xian;;;;;;;;;;;;;
CHI_1559;Shaanxi;;;;;;;;;;;;;
CHI_1563;West Shandong;;;;;;;;;;;;;
CHI_1565;East Shandong;;;;;;;;;;;;;
CHI_1572;Shanxi;;;;;;;;;;;;;
CHI_1578;West Sichuan;;;;;;;;;;;;;
CHI_1579;East Sichuan;;;;;;;;;;;;;
CHI_1594;Kashgar;;;;;;;;;;;;;
CHI_1600;Urumqui;;;;;;;;;;;;;
CHI_1601;Yunnan;;;;;;;;;;;;;
CHI_1604;North Zhejiang;;;;;;;;;;;;;
CHI_1610;South Zhejiang;;;;;;;;;;;;;
PROV1612;Baoding;;;;;;;;;;;;;
CHI_1612;Baoding;;;;;;;;;;;;;
PROV1616;Peking;;;;;;;;;;;;;
CHI_1616;Peking;;;;;;;;;;;;;
PROV1643;Ishikari;;;;;;;;;;;;;
JAP_1649;Kanto;;;;;;;;;;;;;
JAP_1654;Bonin Islands;;;;;;;;;;;;;
JAP_1655;Kansai;;;;;;;;;;;;;
JAP_1640;Chugoku;;;;;;;;;;;;;
JAP_1665;Shikoku;;;;;;;;;;;;;
JAP_1660;Kyushu;;;;;;;;;;;;;
JAP_1672;Tohoku;;;;;;;;;;;;;
JAP_1675;Chubu;;;;;;;;;;;;;
PROV1679;Amami;;;;;;;;;;;;;
MOR_1693;Marrakesh;;;;;;;;;;;;;
MOR_1694;Agadir;;;;;;;;;;;;;
ALD_1704;Oran;;;;;;;;;;;;;
ALD_1708;Constantine;;;;;;;;;;;;;
PROV1709;Bne;;;;;;;;;;;;;
ALD_1713;North Central Sahara;;;;;;;;;;;;;
TRI_1731;Tripolitania;;;;;;;;;;;;;
TRI_1735;Cyrenaica;;;;;;;;;;;;;
TRI_1740;Fezzan;;;;;;;;;;;;;
EGY_1745;Cairo;;;;;;;;;;;;;
EGY_1751;Alexandria;;;;;;;;;;;;;
EGY_1753;Qattara;;;;;;;;;;;;;
EGY_1755;Sinai;;;;;;;;;;;;;
ENG_1844;Sudd;;;;;;;;;;;;;
ETH_1852;Begemder;;;;;;;;;;;;;
ETH_1853;Tigray;;;;;;;;;;;;;
ETH_1859;Shewa;;;;;;;;;;;;;
ETH_1862;Gibe;;;;;;;;;;;;;
ETH_1865;Hararghe;;;;;;;;;;;;;
PROV1860;Hawassa;;;;;;;;;;;;;
PROV1863;Jimma;;;;;;;;;;;;;
PROV1864;Sidamo;;;;;;;;;;;;;
PROV1866;Bale;;;;;;;;;;;;;
PROV1867;Ogaden;;;;;;;;;;;;;
SOM_1868;South Somaliland;;;;;;;;;;;;;
SOM_1872;North Somaliland;;;;;;;;;;;;;
ASH_1909;Gold Coast;;;;;;;;;;;;;
FRA_1919;Dahomey;;;;;;;;;;;;;
SOK_1934;Biafra;;;;;;;;;;;;;
SOK_1937;Tukari;;;;;;;;;;;;;
SOK_1945;Kano;;;;;;;;;;;;;
SPA_1955;Equatorial Guinea;;;;;;;;;;;;;
ENG_1956;Cameroon;;;;;;;;;;;;;
SOK_1963;Adamawa;;;;;;;;;;;;;
FRA_1970;Bangassou;;;;;;;;;;;;;
BEL_1990;Kivu;;;;;;;;;;;;;
BEL_1996;Congo Orientale;;;;;;;;;;;;;
BEL_2034;Ruanda-Urundi;;;;;;;;;;;;;
ENG_2036;Zanzibar;;;;;;;;;;;;;
ENG_2044;Tanganyika;;;;;;;;;;;;;
ENG_2048;Zanzibar;;;;;;;;;;;;;
ENG_2067;Nyasaland;;;;;;;;;;;;;
ENG_2068;Mashonaland;;;;;;;;;;;;;
ENG_2071;Matabeleland;;;;;;;;;;;;;
ENG_2074;Bechuanaland;;;;;;;;;;;;;
ENG_2094;Kimberley;;;;;;;;;;;;;
PROV2124;Maore;;;;;;;;;;;;;
UCA_2191;El Salvador;;;;;;;;;;;;;
UCA_2193;Honduras;;;;;;;;;;;;;
CHI_2221;South Jiangsu;;;;;;;;;;;;;
NET_2235;Leeward Antilles;;;;;;;;;;;;;
PEU_2308;Arica;;;;;;;;;;;;;
BOL_2309;Antofagasta;;;;;;;;;;;;;
ARG_2360;Entre Rios;;;;;;;;;;;;;
PROV2367;Xolotas;;;;;;;;;;;;;
ARG_2374;Catamarca;;;;;;;;;;;;;
BRZ_2421;Gois;;;;;;;;;;;;;
AST_2454;Fiji;;;;;;;;;;;;;
BRZ_2461;Santa Catarina;;;;;;;;;;;;;
SPA_2517;Mariana Islands;;;;;;;;;;;;;
AST_2534;Solomon Islands;;;;;;;;;;;;;
AST_2535;Melanesian Islands;;;;;;;;;;;;;
AUS_2538;Vojvodina;;;;;;;;;;;;;
TON_2540;Tonga;;;;;;;;;;;;;
USA_2543;Samoa;;;;;;;;;;;;;
PROV2554;Misiones;;;;;;;;;;;;;
HES_2560;Hessen;;;;;;;;;;;;;
RUS_2587;Kola;;;;;;;;;;;;;
CHI_2678;Outer Mongolia;;;;;;;;;;;;;
PROV2834;Bay of Ayan;;;;;;;;;;;;;
PROV2836;Coast of Kamchatka;;;;;;;;;;;;;
PROV2837;Sea of Okhotsk;;;;;;;;;;;;;
PROV2838;Coast of Sakhalin;;;;;;;;;;;;;
PROV2843;Seto Inland Sea;;;;;;;;;;;;;
PROV3126;Coast of Minami;;;;;;;;;;;;;
PROV79;温哥华堡;;;;;;;;;;;;;
PROV19;Fort St. James;;;;;;;;;;;;;
PROV18;道森湾;;;;;;;;;;;;;
PROV129;盖蒙;;;;;;;;;;;;;
PROV128;雨果顿;;;;;;;;;;;;;
PROV158;Duluth;;;;;;;;;;;;;
PROV638;普雷绍夫;;;;;;;;;;;;;
AUS_626;苏台德兰;;;;;;;;;;;;;
PROV2630;托克;;;;;;;;;;;;;
PROV84;萨克拉门托;;;;;;;;;;;;;
PROV86;特拉基;;;;;;;;;;;;;
PROV98;雪松城;;;;;;;;;;;;;
PROV23;麦克默里堡;;;;;;;;;;;;;
PROV22;Bonnyville;;;;;;;;;;;;;
PROV27;埃德蒙顿;;;;;;;;;;;;;
PROV31;黑湖;;;;;;;;;;;;;
PROV32;拉龙日;;;;;;;;;;;;;
PROV40;道芬;;;;;;;;;;;;;
PROV9;麦肯奇堡;;;;;;;;;;;;;
PROV2626;萨卡米;;;;;;;;;;;;;
PROV59;密斯提斯尼;;;;;;;;;;;;;
PROV2140;埃莫西约;;;;;;;;;;;;;
PROV2137;诺加莱斯;;;;;;;;;;;;;
PROV2143;华雷斯城;;;;;;;;;;;;;
PROV2147;阿库尼亚;;;;;;;;;;;;;
PROV2171;科洛洛;;;;;;;;;;;;;
PROV103;普韦布洛;;;;;;;;;;;;;
PROV109;阿斯彭;;;;;;;;;;;;;
PROV105;圣菲;;;;;;;;;;;;;
PROV218;惠灵;;;;;;;;;;;;;
PROV217;格林班克;;;;;;;;;;;;;
PROV2187;拉梅西拉;;;;;;;;;;;;;
PROV2628;奥科斯;;;;;;;;;;;;;
PROV2627;考德斯波特;;;;;;;;;;;;;
PROV160;苏必利尔;;;;;;;;;;;;;
PROV185;派克维尔;;;;;;;;;;;;;
PROV186;列克星敦;;;;;;;;;;;;;
PROV196;加兹登;;;;;;;;;;;;;
PROV193;格林伍德;;;;;;;;;;;;;
PROV168;奥尔尼;;;;;;;;;;;;;
PROV33;Prince Albert;;;;;;;;;;;;;
PROV42;温尼伯;;;;;;;;;;;;;
PROV36;皮纳瓦;;;;;;;;;;;;;
PROV60;里士满;;;;;;;;;;;;;
PROV211;林奇堡;;;;;;;;;;;;;
PROV2186;危地马拉城;;;;;;;;;;;;;
PROV14;维多利亚;;;;;;;;;;;;;
PROV3249;旧天津;;;;;;;;;;;;;
PROV3250;弗里堡;;;;;;;;;;;;;
PROV3251;摩纳哥;;;;;;;;;;;;;
PROV3252;安道尔;;;;;;;;;;;;;
PROV3253;列支敦士登;;;;;;;;;;;;;
PROV3254;比克堡;;;;;;;;;;;;;
PROV3255;罗伊斯;;;;;;;;;;;;;
PROV3256;松德斯豪森;;;;;;;;;;;;;
PROV3257;瓦尔代克;;;;;;;;;;;;;
PROV3258;阿尔托纳;;;;;;;;;;;;;
PROV3259;翡翠地区;;;;;;;;;;;;;
PROV3260;佐渡;;;;;;;;;;;;;
PROV3261;佩斯卡拉;;;;;;;;;;;;;
PROV3262;贝卢诺;;;;;;;;;;;;;
PROV3263;威廉堡;;;;;;;;;;;;;
PROV3264;尼科巴群岛;;;;;;;;;;;;;
PROV3265;埃森;;;;;;;;;;;;;
PROV3266;圣马力诺;;;;;;;;;;;;;
PROV3267;比勒费尔德;;;;;;;;;;;;;
PROV3268;埃克塞特;;;;;;;;;;;;;
PROV3269;朴次茅斯;;;;;;;;;;;;;
PROV3270;韦茨拉尔;;;;;;;;;;;;;
PROV3271;汝拉;;;;;;;;;;;;;
PROV3272;布里格;;;;;;;;;;;;;
PROV3273;托霍延杜;;;;;;;;;;;;;
PROV3274;斯瓦涅季;;;;;;;;;;;;;
PROV3275;阿伯丁湖;;;;;;;;;;;;;
PROV3276;克林顿科尔登湖;;;;;;;;;;;;;
PROV3277;威利斯顿湖;;;;;;;;;;;;;
PROV3278;奥基乔比湖;;;;;;;;;;;;;
PROV3279;图兹湖;;;;;;;;;;;;;
PROV3280;塞凡湖;;;;;;;;;;;;;
PROV3281;塞尔萨尔湖;;;;;;;;;;;;;
PROV3282;拉萨萨湖;;;;;;;;;;;;;
PROV3283;日内瓦湖;;;;;;;;;;;;;
PROV3284;博登湖;;;;;;;;;;;;;
PROV906;苏韦达;;;;;;;;;;;;;
